{
  "special_diet": {
    "precision": 1.0,
    "recall": 1.0,
    "f1-score": 1.0,
    "support": 13,
    "confused_with": {}
  },
  "meals": {
    "precision": 1.0,
    "recall": 1.0,
    "f1-score": 1.0,
    "support": 13,
    "confused_with": {}
  },
  "budget": {
    "precision": 1.0,
    "recall": 1.0,
    "f1-score": 1.0,
    "support": 5,
    "confused_with": {}
  },
  "cuisine": {
    "precision": 1.0,
    "recall": 0.9895833333333334,
    "f1-score": 0.9947643979057591,
    "support": 96,
    "confused_with": {}
  },
  "feature": {
    "precision": 1.0,
    "recall": 0.9873417721518988,
    "f1-score": 0.9936305732484078,
    "support": 79,
    "confused_with": {}
  },
  "micro avg": {
    "precision": 1.0,
    "recall": 0.9902912621359223,
    "f1-score": 0.9951219512195122,
    "support": 206
  },
  "macro avg": {
    "precision": 1.0,
    "recall": 0.9953850210970465,
    "f1-score": 0.9976789942308333,
    "support": 206
  },
  "weighted avg": {
    "precision": 1.0,
    "recall": 0.9902912621359223,
    "f1-score": 0.995117463522219,
    "support": 206
  }
}